scenario,increase_percentage,predicted_total_sales,predicted_top_theme_sales,overall_increase,top_theme_increase
Baseline,0,2436405372.98061,2292780095.2805753,0.0,0.0
Increase by 10%,10,2436405372.98061,2292780095.2805753,0.0,0.0
Increase by 20%,20,2436405372.98061,2292780095.2805753,0.0,0.0
Increase by 30%,30,2436405372.98061,2292780095.2805753,0.0,0.0
Increase by 50%,50,2436405372.98061,2292780095.2805753,0.0,0.0
